Player,PTS,Pos,Age,Tm,G,GS,MP,FG,FGA,P3,P3A,P2,P2A,FT,FTA,ORB,DRB,TRB,AST,STL,BLK,TOV,PF
Zion Williamson,1510,PF,23,NOP,66,66,2072,589,1016,5,14,584,1002,327,469,116,268,384,332,65,44,181,154
Ziaire Williams,420,SF,22,MEM,51,15,1038,150,378,58,189,92,189,62,75,35,145,180,75,36,9,66,85
Zeke Nnaji,174,PF,23,DEN,54,0,536,63,139,6,22,57,117,42,59,58,59,117,31,14,37,27,75
Zavier Simpson,16,PG,26,MEM,3,0,72,5,22,3,8,2,14,3,4,3,4,7,11,5,3,6,4
Zach LaVine,487,SG,28,CHI,25,23,872,170,376,59,169,111,207,88,103,8,121,129,98,21,8,52,57
Zach Collins,719,C,26,SAS,65,27,1444,277,574,53,170,224,404,112,151,111,230,341,184,31,48,124,200
Yuta Watanabe,117,SF,29,TOT,34,0,464,41,116,25,85,16,31,10,17,11,43,54,15,12,7,19,39
Xavier Tillman Sr.,265,C,25,TOT,50,14,931,113,264,17,75,96,189,22,49,68,139,207,73,48,42,32,71
Xavier Moon,11,SG,29,LAC,10,0,39,5,15,0,5,5,10,1,2,3,3,6,7,1,1,4,4
Wesley Matthews,108,SG,37,ATL,35,3,408,34,97,24,69,10,28,16,22,9,44,53,22,15,11,8,43
Wenyen Gabriel,17,PF,26,MEM,5,0,81,8,22,1,6,7,16,0,5,7,18,25,3,2,2,8,10
Wendell Carter Jr.,576,C,24,ORL,51,45,1344,212,403,61,162,151,241,91,132,105,265,370,93,34,28,65,114
Walker Kessler,518,C,22,UTA,64,22,1493,229,350,4,19,225,331,56,93,165,316,481,60,30,154,66,132
Vit Krejci,111,PG,23,ATL,18,13,446,41,79,24,53,17,26,5,6,7,32,39,40,9,6,13,40
Vince Williams Jr.,521,SG,23,MEM,52,33,1436,169,379,79,209,90,170,104,130,59,231,290,175,47,34,92,135
Victor Wembanyama,1470,C,20,SAS,69,69,2039,530,1140,123,377,407,763,287,360,159,577,736,263,87,245,252,151
Vasilije Micic,406,PG,30,TOT,56,17,1102,153,348,41,144,112,204,59,73,14,68,82,246,29,6,91,64
Tyus Jones,790,PG,27,WAS,66,66,1933,326,666,106,256,220,410,32,40,20,159,179,485,71,18,66,48
Tyrese Maxey,1762,PG,23,PHI,68,68,2557,618,1380,204,552,414,828,322,370,35,218,253,427,68,32,113,146
Tyrese Haliburton,1328,PG,23,IND,66,65,2132,478,1009,188,513,290,496,184,213,35,223,258,722,77,46,150,70
Tyler Herro,787,SG,24,MIA,38,36,1265,296,674,121,304,175,370,74,89,18,183,201,165,29,3,78,55
Troy Brown Jr.,237,SF,24,TOT,55,11,732,80,205,47,133,33,72,30,35,23,106,129,54,18,2,28,39
Tristan Vukcevic,66,C,20,WAS,9,3,131,24,56,8,29,16,27,10,13,6,29,35,12,4,6,7,24
Tristan Thompson,155,C,32,CLE,48,0,537,70,113,0,1,70,112,15,50,71,100,171,51,12,14,29,59
Trey Murphy III,749,SF,23,NOP,53,20,1534,247,570,149,406,98,164,106,133,40,216,256,113,46,27,31,66
Trey Lyles,402,PF,28,SAC,54,0,1088,138,304,79,206,59,98,47,68,55,184,239,66,15,18,36,83
Trevelin Queen,40,SG,26,ORL,13,0,163,14,38,3,17,11,21,9,12,3,16,19,18,7,5,7,15
Trent Forrest,77,SG,25,ATL,36,0,388,31,85,2,10,29,75,13,16,10,36,46,85,10,3,18,25
Trendon Watford,395,PF,23,BRK,60,0,765,151,283,25,62,126,221,68,82,50,116,166,68,22,18,55,99
Tre Mann,325,PG,22,TOT,37,24,860,125,269,40,110,85,159,35,46,18,116,134,138,42,3,58,45
Tre Jones,725,PG,24,SAS,73,44,2015,282,553,61,175,221,378,100,115,56,208,264,451,73,8,111,89
Trayce Jackson-Davis,505,PF,23,GSW,64,12,1036,219,312,0,1,219,311,67,119,127,188,315,75,27,69,45,104
Trae Young,1344,PG,25,ATL,51,51,1862,418,982,169,456,249,526,339,396,22,118,140,553,70,11,220,106
Toumani Camara,527,PF,23,POR,70,49,1739,197,438,58,172,139,266,75,99,139,204,343,87,66,33,84,174
Tosan Evbuomwan,101,SF,22,TOT,17,8,367,36,71,12,32,24,39,17,25,18,42,60,16,6,5,9,23
Torrey Craig,283,SF,33,CHI,49,13,973,101,236,56,147,45,89,25,33,65,128,193,53,27,19,30,100
Tobias Harris,1154,PF,31,PHI,67,67,2272,444,913,87,248,357,665,179,204,72,355,427,208,67,42,91,112
Tim Hardaway Jr.,1108,SF,31,DAL,75,10,2044,380,943,205,575,175,368,143,167,21,224,245,132,39,6,66,104
Thomas Bryant,199,C,26,MIA,37,4,418,78,139,4,21,74,118,39,45,37,94,131,22,10,15,19,45
Thanasis Antetokounmpo,26,PF,31,MIL,30,0,137,13,26,0,1,13,25,0,2,7,6,13,14,5,4,12,23
Thaddeus Young,132,PF,35,TOT,30,6,410,63,103,1,6,62,97,5,14,42,56,98,55,21,5,13,43
Terry Taylor,46,PF,24,CHI,31,0,188,20,39,2,9,18,30,4,5,17,20,37,10,5,2,7,17
Terry Rozier,1205,PG,29,TOT,61,60,2040,442,998,149,410,293,588,172,198,35,212,247,342,63,21,106,101
Terquavion Smith,51,PG,21,PHI,13,0,75,18,43,13,33,5,10,2,3,0,3,3,11,8,0,5,6
Terance Mann,609,SG,27,LAC,71,67,1794,233,464,68,198,165,266,75,91,80,154,234,116,42,15,45,139
Taylor Hendricks,261,PF,20,UTA,36,19,752,96,217,48,129,48,88,21,27,40,123,163,24,21,27,26,72
Taurean Prince,677,PF,29,LAL,75,49,2045,246,552,137,346,109,206,48,66,20,204,224,118,56,35,70,143
Tari Eason,215,PF,22,HOU,22,0,480,88,189,18,50,70,139,21,33,46,107,153,27,31,19,20,51
Talen Horton-Tucker,464,PG,23,UTA,48,11,919,164,417,54,163,110,254,82,103,20,92,112,166,44,16,58,84
Taj Gibson,24,PF,38,TOT,18,1,185,10,28,2,10,8,18,2,2,10,20,30,9,3,6,5,30
T.J. Warren,41,SF,30,MIN,10,0,123,18,41,2,13,16,28,3,4,5,17,22,9,4,1,4,11
T.J. McConnell,677,PG,31,IND,68,4,1235,307,555,14,38,293,517,49,62,36,147,183,368,70,8,104,73
Svi Mykhailiuk,114,SF,26,BOS,37,0,323,40,104,30,84,10,20,4,7,9,31,40,27,10,0,10,15
Stephen Curry,1878,PG,35,GSW,71,71,2320,623,1391,339,841,284,550,293,317,37,275,312,358,51,24,200,113
Stanley Umude,127,SG,24,DET,24,2,307,37,84,24,53,13,31,29,32,8,43,51,11,8,7,14,40
Spencer Dinwiddie,773,PG,30,TOT,73,52,2097,245,628,120,360,125,268,163,204,30,169,199,354,51,22,89,134
Skylar Mays,155,PG,26,TOT,36,5,430,63,158,16,54,47,104,13,17,10,33,43,84,21,4,20,26
Simone Fontecchio,692,SF,28,TOT,66,43,1644,252,548,134,334,118,214,54,66,64,182,246,101,44,23,68,110
Sidy Cissoko,6,SF,19,SAS,8,0,43,1,7,0,5,1,2,4,4,0,7,7,0,3,0,2,4
Shake Milton,216,SG,27,TOT,48,0,581,79,195,18,64,61,131,40,49,14,61,75,60,19,6,31,54
Shai Gilgeous-Alexander,2150,PG,25,OKC,71,71,2444,763,1416,92,252,671,1164,532,610,62,332,394,447,148,64,156,179
Shaedon Sharpe,510,SG,20,POR,32,25,1059,176,434,60,180,116,254,98,119,42,118,160,94,28,12,72,88
Seth Lundy,14,SF,23,ATL,9,0,52,4,17,3,13,1,4,3,4,1,6,7,0,0,0,1,6
Seth Curry,226,SG,33,TOT,44,4,616,80,204,38,108,42,96,28,31,18,50,68,44,22,6,21,39
Scotty Pippen Jr.,196,PG,23,MEM,17,12,404,70,140,25,53,45,87,31,43,15,33,48,74,26,9,43,46
Scottie Barnes,1191,SG,22,TOR,60,60,2094,447,942,101,296,346,646,196,251,141,353,494,363,75,88,165,118
Scoot Henderson,801,PG,19,POR,59,29,1652,283,736,77,243,206,493,158,193,48,135,183,302,44,12,194,186
Sasha Vezenkov,220,PF,28,SAC,40,0,489,82,184,44,115,38,69,12,15,30,63,93,19,19,7,12,40
Santi Aldama,654,PF,23,MEM,61,35,1618,247,568,106,304,141,264,54,87,72,280,352,138,43,54,69,89
Sandro Mamukelashvili,140,C,24,SAS,42,1,343,54,114,12,47,42,67,20,26,37,63,100,40,7,10,11,31
Sam Merrill,485,SG,27,CLE,61,1,1069,158,393,143,354,15,39,26,28,22,98,120,108,19,4,19,72
Sam Hauser,657,SF,26,BOS,75,11,1625,229,505,184,430,45,75,15,17,41,217,258,73,36,23,31,98
Saddiq Bey,863,SF,24,ATL,63,51,2062,290,697,113,358,177,339,170,203,167,244,411,92,51,11,54,88
Saben Lee,69,PG,24,PHO,22,0,179,19,54,2,16,17,38,29,39,9,22,31,30,7,3,8,13
Ryan Rollins,41,PG,21,TOT,11,0,67,13,25,2,3,11,22,13,17,2,9,11,11,8,3,7,7
Russell Westbrook,734,PG,35,LAC,66,10,1480,292,642,40,150,252,492,110,158,91,237,328,291,72,23,138,116
Rui Hachimura,878,PF,25,LAL,65,36,1731,346,639,93,218,253,421,93,128,53,218,271,74,37,23,44,99
Rudy Gobert,983,C,31,MIN,72,72,2447,378,579,0,3,378,576,227,357,268,657,925,95,45,151,113,225
Royce ONeale,573,SF,30,TOT,75,13,1844,202,507,148,397,54,110,21,31,58,296,354,205,54,42,71,163
Robin Lopez,18,C,35,MIL,16,2,65,7,19,2,8,5,11,2,2,3,2,5,4,1,3,2,7
Robert Covington,127,SF,33,TOT,29,6,488,43,98,19,56,24,42,22,26,31,66,97,24,39,18,11,56
RJ Barrett,1112,SG,23,TOT,56,56,1772,413,843,89,243,324,600,197,278,50,250,300,186,30,22,118,124
Ricky Council IV,167,SG,22,PHI,29,0,270,52,106,10,29,42,77,53,71,14,29,43,15,7,1,4,14
Richaun Holmes,199,C,30,TOT,40,10,555,82,147,1,3,81,144,34,47,71,111,182,25,11,19,24,74
Reggie Jackson,798,PG,33,DEN,78,23,1730,313,716,98,267,215,449,74,93,31,117,148,296,41,12,101,140
Reggie Bullock,96,SF,32,HOU,40,0,390,34,80,27,65,7,15,1,1,6,63,69,14,10,4,9,28
Rayan Rupert,132,SG,19,POR,35,8,505,46,128,23,58,23,70,17,21,19,57,76,48,11,3,26,51
R.J. Hampton,10,PG,22,MIA,8,2,76,4,14,1,8,3,6,1,2,2,4,6,8,0,0,3,8
Quentin Grimes,359,SG,23,TOT,51,18,1025,122,328,81,240,41,88,34,45,15,85,100,66,35,7,28,75
Precious Achiuwa,554,PF,24,TOT,71,18,1582,230,458,25,95,205,363,69,112,188,286,474,95,46,66,80,140
Peyton Watson,507,SF,21,DEN,76,4,1395,197,423,44,149,153,274,69,102,52,184,236,77,40,79,55,135
Payton Pritchard,696,PG,26,BOS,78,3,1706,259,570,136,356,123,214,42,52,67,180,247,249,37,6,56,101
Paul Reed,573,C,24,PHI,79,24,1532,246,458,21,56,225,402,60,82,184,283,467,105,64,81,65,191
Paul George,1638,PF,33,LAC,72,72,2454,572,1216,238,580,334,636,256,283,36,344,380,256,111,35,146,198
Patty Mills,120,PG,35,TOT,30,5,396,44,124,23,81,21,43,9,9,9,25,34,33,20,1,16,30
Patrick Williams,429,PF,22,CHI,43,30,1174,159,359,59,148,100,211,52,66,46,120,166,66,40,33,57,87
Patrick Beverley,410,PG,35,TOT,69,9,1356,143,352,54,169,89,183,70,86,44,169,213,194,40,31,62,123
Patrick Baldwin Jr.,118,SF,21,WAS,35,4,381,40,121,21,75,19,46,17,25,15,83,98,21,13,13,16,47
Pat Connaughton,411,SF,31,MIL,72,3,1602,144,329,81,230,63,99,42,55,49,183,232,154,38,19,46,93
Pascal Siakam,1674,PF,29,TOT,77,77,2573,655,1228,82,241,573,987,282,386,131,413,544,337,62,23,136,182
Paolo Banchero,1715,PF,21,ORL,76,76,2653,611,1330,114,332,497,998,379,526,78,437,515,405,70,46,236,149
P.J. Washington,917,PF,25,TOT,70,42,2143,345,785,129,398,216,387,98,142,82,313,395,135,68,58,92,165
P.J. Tucker,42,PF,38,TOT,28,7,434,14,44,11,32,3,12,3,3,25,50,75,15,14,7,8,54
Ousmane Dieng,120,PF,20,OKC,31,0,342,43,104,20,67,23,37,14,16,10,40,50,33,5,3,17,20
Otto Porter Jr.,39,SF,30,TOR,15,1,174,14,33,8,23,6,10,3,3,6,23,29,8,5,5,2,19
Oshae Brissett,187,SF,25,BOS,52,1,593,62,136,15,53,47,83,48,75,54,91,145,41,17,5,17,52
Orlando Robinson,99,C,23,MIA,33,7,300,36,72,8,15,28,57,19,25,28,56,84,34,7,8,18,35
Onyeka Okongwu,561,C,23,ATL,55,8,1405,223,365,23,69,200,296,92,116,145,231,376,74,26,60,45,162
Onuralp Bitim,74,SG,24,CHI,21,0,241,30,72,11,37,19,35,3,4,6,24,30,13,3,2,7,21
Omer Yurtseven,177,C,25,UTA,44,8,446,79,145,5,20,74,125,14,22,59,105,164,22,6,18,31,48
Olivier-Maxence Prosper,83,PF,21,DAL,36,0,264,26,75,8,34,18,41,23,34,20,44,64,20,5,3,5,17
Olivier Sarr,34,C,24,OKC,14,0,95,11,19,2,6,9,13,10,15,10,25,35,2,0,7,3,18
OG Anunoby,671,SF,26,TOT,46,46,1564,257,526,91,249,166,277,66,86,44,150,194,101,63,33,72,107
Ochai Agbaji,429,SG,23,TOT,74,25,1520,168,405,61,203,107,202,32,50,69,136,205,77,44,39,59,109
Obi Toppin,803,PF,25,IND,79,28,1680,316,551,98,240,218,311,73,96,82,228,310,117,43,41,66,138
Norman Powell,1042,SG,30,LAC,74,2,1942,367,749,165,377,202,372,143,172,16,173,189,80,43,22,65,132
Noah Clowney,98,PF,19,BRK,20,1,262,36,68,9,23,27,45,17,25,20,45,65,13,6,8,10,21
Nikola Vucevic,1288,C,33,CHI,73,71,2491,550,1155,86,300,464,855,102,124,201,573,774,246,48,58,118,183
Nikola Jovic,298,PF,20,MIA,42,34,790,106,238,55,137,51,101,31,45,23,148,171,82,22,14,39,74
Nikola Jokic,1979,C,28,DEN,75,75,2595,778,1347,78,225,700,1122,345,419,210,720,930,677,96,66,223,181
Nicolas Batum,313,PF,35,TOT,57,37,1450,113,243,72,177,41,66,15,21,67,169,236,121,46,37,39,104
Nickeil Alexander-Walker,612,SG,25,MIN,78,20,1830,220,500,123,314,97,186,49,61,33,128,161,194,59,39,72,138
Nick Smith Jr.,263,SG,19,CHO,48,0,663,99,255,54,128,45,127,11,13,17,46,63,53,8,7,36,54
Nick Richards,637,C,26,CHO,65,51,1720,253,368,0,1,253,367,131,178,170,360,530,52,25,74,70,168
Nic Claxton,812,C,24,BRK,68,68,2027,353,561,1,5,352,556,105,188,185,490,675,139,46,139,86,168
Naz Reid,1045,C,24,MIN,77,12,1877,390,809,164,392,226,417,101,135,72,336,408,101,59,70,105,161
Nate Hinton,31,SG,24,HOU,13,0,60,10,23,7,12,3,11,4,5,6,11,17,6,2,2,3,10
Nassir Little,146,SF,23,PHO,42,2,451,54,119,21,68,33,51,17,20,14,61,75,21,10,10,14,39
Naji Marshall,464,SF,26,NOP,65,1,1253,169,366,58,150,111,216,68,86,53,186,239,128,49,12,64,91
Myles Turner,1249,C,27,IND,74,74,2005,451,871,109,308,342,563,238,305,109,402,511,94,39,138,104,227
Mouhamadou Gueye,23,PF,25,TOR,10,0,97,10,31,0,3,10,28,3,8,11,8,19,4,2,15,12,11
Moses Moody,507,SG,21,GSW,62,9,1097,185,402,69,193,116,209,68,85,63,126,189,52,40,24,40,86
Moritz Wagner,822,C,26,ORL,76,1,1341,313,525,37,112,276,413,159,197,113,218,331,92,37,20,91,151
Monte Morris,155,PG,28,TOT,29,0,437,59,141,24,63,35,78,13,19,7,43,50,64,19,7,7,13
Mo Bamba,247,C,25,PHI,54,16,717,95,194,25,63,70,131,32,48,75,156,231,41,22,57,39,99
Miles McBride,546,PG,23,NYK,65,14,1270,198,434,107,254,91,180,43,50,29,67,96,105,49,7,29,104
Miles Bridges,1405,SF,25,CHO,66,64,2500,542,1177,153,440,389,737,168,205,69,425,494,223,64,32,133,114
Mike Muscala,155,C,32,TOT,49,6,562,55,150,28,94,27,56,17,25,35,80,115,34,9,13,19,47
Mike Conley,805,PG,36,MIN,72,72,2077,272,603,163,376,109,227,98,108,33,169,202,432,83,15,92,123
Mikal Bridges,1582,SF,27,BRK,79,79,2782,556,1269,214,574,342,695,256,315,67,300,367,292,81,29,163,114
Michael Porter Jr.,1300,SF,25,DEN,77,77,2445,500,1026,213,530,287,496,87,105,102,442,544,116,41,50,88,143
Micah Potter,41,PF,25,UTA,14,0,157,14,31,7,17,7,14,6,6,8,26,34,5,4,4,4,8
Maxi Kleber,171,C,32,DAL,40,7,820,56,138,28,87,28,51,31,45,25,107,132,64,17,26,26,77
Max Strus,824,SF,27,CLE,67,67,2151,294,701,161,465,133,236,75,93,60,257,317,262,62,29,109,167
Max Christie,282,SG,20,LAL,65,7,940,102,240,42,118,60,122,36,46,15,126,141,60,20,17,35,57
Matthew Hurt,32,PF,23,MEM,8,0,113,12,34,5,20,7,14,3,3,9,7,16,4,3,3,2,8
Matt Ryan,152,SF,26,NOP,26,1,386,49,113,41,91,8,22,13,14,6,33,39,17,6,1,19,31
Matisse Thybulle,354,SF,26,POR,65,19,1487,126,317,80,231,46,86,22,29,30,106,136,90,113,49,40,93
Mason Plumlee,218,C,33,LAC,42,9,593,79,129,0,2,79,127,60,87,53,152,205,45,12,15,29,63
Mason Jones,7,SG,25,SAC,4,0,22,2,7,2,6,0,1,1,2,1,4,5,5,1,0,1,1
Marvin Bagley III,583,C,24,TOT,50,25,1053,239,408,9,23,230,385,96,126,130,182,312,55,20,33,59,81
Markieff Morris,56,PF,34,DAL,22,1,173,20,54,13,34,7,20,3,4,4,27,31,12,5,1,10,11
Markelle Fultz,305,PG,25,ORL,39,16,836,140,298,4,16,136,282,21,31,54,75,129,113,39,13,45,61
MarJon Beauchamp,197,SF,23,MIL,46,1,593,75,157,28,72,47,85,19,28,22,74,96,30,12,6,27,53
Marcus Smart,289,PG,29,MEM,20,20,605,102,237,42,134,60,103,43,56,6,47,53,86,41,5,62,53
Marcus Sasser,515,PG,23,DET,67,7,1228,193,454,80,213,113,241,49,57,9,107,116,216,41,10,78,99
Marcus Morris,309,PF,34,TOT,48,7,798,113,255,47,115,66,140,36,44,22,109,131,36,15,13,29,72
Mamadi Diakite,12,PF,27,TOT,6,0,24,4,6,0,1,4,5,4,6,1,3,4,2,1,1,1,2
Malik Monk,1110,SG,25,SAC,72,0,1872,396,893,148,423,248,470,170,205,28,184,212,370,45,39,150,156
Malik Beasley,855,SG,27,MIL,75,75,2237,306,690,218,520,88,170,25,35,41,238,279,105,58,9,52,153
Malcolm Brogdon,613,PG,31,POR,39,25,1121,218,496,82,199,136,297,95,116,28,120,148,214,27,8,60,58
Malaki Branham,673,PG,20,SAS,73,27,1546,264,607,90,256,174,351,55,63,28,114,142,153,26,8,89,91
Malachi Flynn,342,PG,25,TOT,65,0,804,120,290,53,157,67,133,49,66,20,91,111,117,33,8,57,63
Luke Kennard,429,SG,27,MEM,39,22,999,141,315,107,238,34,77,40,45,11,102,113,136,20,2,54,39
Luka Garza,90,C,25,MIN,23,0,115,33,72,9,32,24,40,15,22,16,12,28,4,3,1,6,23
Luka Doncic,2302,PG,24,DAL,68,68,2553,782,1604,272,712,510,892,466,593,56,570,626,667,99,37,275,143
Luguentz Dort,826,SF,24,OKC,76,76,2176,277,633,149,379,128,254,123,149,74,205,279,106,67,47,74,222
Lonnie Walker IV,538,SG,25,BRK,56,0,949,196,464,101,257,95,207,45,59,11,106,117,67,30,17,49,68
Lindy Waters III,110,SG,26,OKC,35,0,250,40,89,28,71,12,18,2,2,7,30,37,20,5,6,6,21
Lindell Wigginton,6,PG,25,MIL,3,0,8,2,5,0,2,2,3,2,2,0,0,0,0,0,0,1,1
Lester Quinones,150,SG,23,GSW,35,0,375,51,130,30,81,21,49,18,27,20,50,70,33,6,2,16,41
LeBron James,1724,PF,39,LAL,68,68,2390,647,1207,145,351,502,856,285,382,56,435,491,556,80,37,229,77
Leaky Black,54,SF,24,CHO,23,3,233,19,41,7,15,12,26,9,14,8,31,39,19,5,8,5,16
Lauri Markkanen,1278,PF,26,UTA,55,55,1820,427,890,175,439,252,451,249,277,122,327,449,110,50,26,77,100
Larry Nance Jr.,335,C,31,NOP,59,0,1166,133,231,26,62,107,169,43,57,88,209,297,107,58,19,47,95
Landry Shamet,327,SG,26,WAS,46,5,726,118,274,53,157,65,117,38,46,16,46,62,54,25,10,30,76
LaMelo Ball,526,PG,22,CHO,22,22,711,183,423,70,197,113,226,90,104,29,84,113,176,40,4,83,79
Lamar Stevens,256,PF,26,TOT,37,2,522,104,227,12,41,92,186,36,48,34,87,121,25,22,18,23,43
Kyrie Irving,1444,SG,31,DAL,56,56,1955,546,1101,166,405,380,696,186,205,42,237,279,286,70,25,103,107
Kyle Lowry,480,PG,37,TOT,58,53,1642,161,372,97,247,64,125,61,73,33,154,187,243,58,21,81,142
Kyle Kuzma,1553,PF,28,WAS,70,70,2281,608,1313,151,450,457,863,186,240,62,402,464,296,37,49,192,153
Kyle Anderson,497,PF,30,MIN,75,10,1707,196,418,11,47,185,371,94,131,60,209,269,321,68,43,88,117
Kristaps Porzingis,1131,C,28,BOS,56,56,1665,383,740,108,288,275,452,257,300,95,306,401,114,42,109,88,154
Kris Murray,329,SF,23,POR,58,25,1180,130,320,42,156,88,164,27,45,69,121,190,74,50,17,49,78
Kris Dunn,357,PG,29,UTA,66,32,1249,147,313,41,111,106,202,22,32,50,139,189,254,68,28,79,135
Kobe Bufkin,58,SG,20,ATL,13,0,145,24,63,8,32,16,31,2,4,3,20,23,23,6,4,6,12
Kobe Brown,69,PF,24,LAC,40,0,308,28,67,12,39,16,28,1,2,12,38,50,17,6,3,7,42
Klay Thompson,1304,SF,33,GSW,74,60,2194,467,1085,254,661,213,424,116,126,33,212,245,169,48,31,113,124
KJ Martin,224,SF,23,TOT,60,2,746,97,181,8,28,89,153,22,41,41,90,131,51,22,12,32,100
Kira Lewis Jr.,76,PG,22,TOT,27,0,237,28,80,4,31,24,49,16,19,8,15,23,34,8,2,13,12
Killian Hayes,289,PG,22,DET,42,31,1008,117,283,22,74,95,209,33,50,11,108,119,205,36,20,51,75
Khris Middleton,781,SF,32,MIL,52,52,1399,299,610,90,237,209,373,93,112,39,202,241,272,48,15,114,135
Keyonte George,909,PG,20,UTA,71,40,1911,295,764,136,412,159,352,183,214,14,188,202,316,34,7,172,86
Kevon Looney,315,C,27,GSW,71,36,1150,131,220,0,1,131,219,53,79,136,268,404,131,26,23,48,152
Kevin Love,452,PF,35,MIA,51,5,879,146,332,77,227,69,105,83,106,56,260,316,113,17,10,44,92
Kevin Knox,223,SF,24,DET,31,11,560,86,186,31,94,55,92,20,22,18,57,75,23,13,7,22,50
Kevin Huerter,655,SG,25,SAC,64,59,1562,248,560,123,341,125,219,36,47,38,186,224,166,45,23,53,135
Kevin Durant,1944,PF,35,PHO,71,71,2634,716,1359,160,383,556,976,352,411,38,437,475,369,64,88,232,126
Kessler Edwards,93,SF,23,SAC,52,0,262,34,81,20,52,14,29,5,9,9,32,41,14,9,4,3,25
Keon Johnson,28,SG,21,BRK,4,0,51,7,19,4,9,3,10,10,10,3,2,5,3,3,1,4,4
Keon Ellis,249,SG,24,SAC,53,17,863,85,190,56,138,29,52,23,32,28,83,111,77,44,25,31,100
Kentavious Caldwell-Pope,735,SG,30,DEN,72,72,2293,256,561,122,295,134,266,101,112,29,144,173,174,97,39,72,143
Kenrich Williams,308,PF,29,OKC,65,1,972,124,261,53,134,71,127,7,14,60,136,196,82,37,9,27,99
Kenneth Lofton Jr.,48,PF,21,TOT,18,0,120,18,50,4,14,14,36,8,15,3,16,19,14,3,3,8,15
Kendall Brown,17,SG,20,IND,13,0,50,6,11,0,1,6,10,5,8,3,1,4,4,0,0,1,8
Kelly Oubre Jr.,1003,SF,28,PHI,65,49,1973,372,838,97,309,275,529,162,217,91,233,324,99,77,42,85,187
Kelly Olynyk,721,C,32,TOT,75,24,1677,262,474,58,151,204,323,139,168,103,284,387,335,72,30,143,221
Keldon Johnson,1084,SF,24,SAS,69,27,2038,391,862,127,367,264,495,175,221,95,282,377,195,51,20,100,149
Keita Bates-Diop,197,SF,28,TOT,53,8,665,72,166,21,69,51,97,32,42,31,79,110,38,25,22,15,35
Keegan Murray,1103,SF,23,SAC,73,73,2445,419,914,168,472,251,442,97,118,98,295,393,125,73,58,63,198
Kawhi Leonard,1613,SF,32,LAC,68,68,2330,610,1162,140,336,470,826,253,286,84,332,416,244,111,59,119,97
Karl-Anthony Towns,1328,PF,28,MIN,60,60,1969,472,932,134,317,338,615,250,286,91,413,504,179,43,40,169,198
Jusuf Nurkic,810,C,29,PHO,73,73,1996,313,617,22,89,291,528,162,254,218,585,803,280,75,76,166,246
Justin Minaya,45,SF,24,POR,30,0,264,16,50,9,33,7,17,4,8,17,21,38,13,8,10,7,20
Justin Holiday,214,SG,34,DEN,54,9,801,81,176,49,120,32,56,3,4,9,58,67,62,33,9,13,65
Justin Champagnie,78,SF,22,WAS,13,1,197,27,63,13,40,14,23,11,14,17,25,42,16,8,7,10,13
Julius Randle,1102,PF,29,NYK,46,46,1630,395,836,76,244,319,592,236,302,99,324,423,229,25,12,159,125
Julian Strawther,227,SF,21,DEN,47,0,542,82,221,41,138,41,83,22,29,5,55,60,47,17,7,21,54
Julian Phillips,89,SF,20,CHI,40,0,323,32,77,12,38,20,39,13,19,12,24,36,13,7,7,10,40
Julian Champagnie,457,SF,22,SAS,70,55,1351,149,369,94,256,55,113,65,80,40,152,192,94,45,41,49,73
Jules Bernard,55,SG,24,WAS,17,0,117,21,51,9,25,12,26,4,8,7,10,17,13,2,1,4,12
JT Thor,162,PF,21,CHO,59,2,699,65,162,23,71,42,91,9,16,39,87,126,24,9,24,14,54
Jrue Holiday,841,PG,33,BOS,67,67,2203,323,669,135,312,188,357,60,72,80,281,361,327,59,50,120,106
Josh Richardson,425,SG,30,MIA,43,6,1103,154,347,66,190,88,157,51,54,18,103,121,105,24,14,36,76
Josh Okogie,272,SG,25,PHO,57,11,953,84,203,28,93,56,110,76,102,73,79,152,64,47,23,36,68
Josh Minott,43,SF,21,MIN,29,0,83,14,32,3,9,11,23,12,14,4,13,17,7,5,5,2,10
Josh Hart,700,SF,28,NYK,77,38,2548,270,638,76,248,194,390,84,108,121,508,629,314,69,22,111,157
Josh Green,458,SG,23,DAL,54,32,1436,175,355,71,177,104,178,37,55,38,136,174,125,45,9,57,105
Josh Giddey,954,SG,21,OKC,77,77,1942,390,820,80,232,310,588,94,118,109,383,492,368,49,42,158,103
Jose Alvarado,367,PG,25,NOP,52,0,930,131,319,71,186,60,133,34,50,24,94,118,107,56,15,38,80
Jordan Poole,1332,SG,24,WAS,77,65,2313,481,1164,179,551,302,613,191,218,31,178,209,337,85,25,186,242
Jordan Nwora,328,SF,25,TOT,48,1,650,124,273,38,120,86,153,42,49,23,107,130,57,25,10,48,45
Jordan Miller,13,SF,24,LAC,8,0,28,5,9,1,2,4,7,2,2,3,2,5,0,0,0,1,2
Jordan McLaughlin,180,PG,27,MIN,52,0,567,64,136,42,86,22,50,10,14,15,53,68,100,32,7,17,29
Jordan Hawkins,524,SG,21,NOP,66,10,1158,174,454,109,297,65,157,67,80,29,119,148,70,19,7,39,72
Jordan Goodwin,327,PG,25,TOT,54,9,945,126,331,38,127,88,204,37,49,70,139,209,144,41,18,52,70
Jordan Ford,12,PG,25,SAC,6,0,22,4,7,2,3,2,4,2,2,0,2,2,2,0,0,1,0
Jordan Clarkson,942,SG,31,UTA,55,19,1682,337,816,91,309,246,507,177,201,49,139,188,277,35,6,146,81
Jontay Porter,115,PF,24,TOR,26,5,360,40,104,20,60,20,44,15,18,26,56,82,60,20,20,21,35
Jonathan Kuminga,1161,PF,21,GSW,71,44,1871,447,839,51,160,396,679,216,291,90,253,343,152,51,35,118,161
Jonathan Isaac,368,PF,26,ORL,54,1,827,136,260,39,100,97,160,57,79,67,167,234,26,38,65,25,58
Jonas Valanciunas,966,C,31,NOP,78,78,1847,387,687,37,116,350,571,155,195,181,514,695,163,29,68,104,210
Johnny Juzang,109,SG,22,UTA,16,1,274,40,86,25,63,15,23,4,6,7,24,31,15,2,1,8,22
Johnny Davis,121,SG,21,WAS,47,4,542,51,137,9,34,42,103,10,17,18,48,66,28,15,10,8,47
John Konchar,235,SF,27,MEM,55,23,1173,88,208,38,120,50,88,21,25,72,185,257,110,51,51,46,76
John Collins,1027,PF,26,UTA,68,66,1901,397,746,86,232,311,514,147,185,157,418,575,77,40,61,98,191
Joel Embiid,1284,C,29,PHI,37,37,1242,428,806,46,123,382,683,382,433,93,313,406,204,43,63,141,106
Joe Ingles,281,SF,36,ORL,64,0,1106,94,217,67,155,27,62,26,31,18,114,132,190,42,4,63,87
Joe Harris,39,SG,32,DET,16,0,170,14,39,10,30,4,9,1,2,3,10,13,10,3,2,4,19
Jock Landale,232,C,28,HOU,52,1,660,90,179,7,31,83,148,45,57,84,77,161,54,16,28,26,66
Jimmy Butler,1180,PF,34,MIA,56,56,1909,373,755,55,137,318,618,379,438,100,198,298,275,74,17,93,66
Jevon Carter,329,PG,28,CHI,68,0,924,127,331,71,210,56,121,4,7,9,46,55,79,33,14,34,67
Jett Howard,26,SF,20,ORL,15,0,53,9,24,6,19,3,5,2,4,1,5,6,3,0,1,2,3
Jerome Robinson,26,SG,26,GSW,21,0,75,9,31,2,17,7,14,6,10,1,5,6,5,0,3,2,5
Jermaine Samuels,20,SF,25,HOU,12,0,55,9,13,0,2,9,11,2,2,3,9,12,2,1,1,0,4
Jeremy Sochan,861,PF,20,SAS,74,73,2193,340,776,70,227,270,549,111,144,137,339,476,249,62,40,140,168
Jeremiah Robinson-Earl,108,PF,23,NOP,35,1,321,42,89,12,37,30,52,12,15,22,51,73,21,10,4,15,24
Jerami Grant,1132,PF,29,POR,54,54,1830,383,850,111,276,272,574,255,312,37,154,191,152,45,34,116,117
Jeff Green,476,PF,37,HOU,74,6,1240,156,343,48,147,108,196,116,143,43,122,165,64,15,30,44,96
Jeff Dowtin,42,PG,26,PHI,9,0,113,15,27,9,18,6,9,3,3,3,15,18,20,5,1,5,1
Jeenathan Williams,50,SG,24,HOU,20,0,107,21,41,1,4,20,37,7,10,11,9,20,7,3,0,2,10
Jayson Tatum,1947,PF,25,BOS,72,72,2576,658,1394,224,593,434,801,407,488,66,526,592,351,73,41,184,141
Jaylin Williams,249,C,21,OKC,65,1,839,84,211,48,135,36,76,33,40,34,182,216,102,25,26,32,92
Jaylen Nowell,75,SG,24,TOT,11,1,195,32,72,6,27,26,45,5,7,6,15,21,18,4,2,6,15
Jaylen Brown,1581,SF,27,BOS,68,68,2278,614,1222,144,399,470,823,209,297,79,296,375,245,79,35,158,179
Jay Huff,23,C,25,DEN,18,0,47,9,15,3,9,6,6,2,2,1,9,10,2,1,2,1,8
Jaxson Hayes,290,C,23,LAL,67,4,831,120,167,0,8,120,159,50,80,66,134,200,32,33,27,41,118
Javonte Green,55,SF,30,CHI,5,1,106,22,32,6,10,16,22,5,6,9,23,32,4,5,6,5,7
Javon Freeman-Liberty,109,PG,24,TOR,18,4,298,40,95,6,30,34,65,23,26,11,45,56,29,8,2,19,23
JaVale McGee,176,C,36,SAC,45,0,331,75,125,1,6,74,119,25,43,39,80,119,15,14,20,32,45
Jarrett Allen,1212,C,25,CLE,74,74,2348,492,785,0,5,492,780,228,304,233,548,781,200,51,78,115,143
Jarred Vanderbilt,150,PF,24,LAL,29,6,581,59,114,8,27,51,87,24,36,41,97,138,36,36,5,28,43
Jaren Jackson Jr.,1486,C,24,MEM,66,66,2124,516,1162,117,366,399,796,337,417,85,280,365,154,80,106,160,235
Jared Rhoden,46,SG,24,DET,13,0,154,18,38,5,16,13,22,5,8,2,18,20,11,3,7,6,20
Jared Butler,210,SG,23,WAS,37,0,484,81,168,21,70,60,98,27,30,8,41,49,106,25,7,46,48
Jarace Walker,112,PF,20,IND,31,0,328,42,105,20,52,22,53,8,9,12,46,58,39,14,11,16,29
James Wiseman,405,C,22,DET,59,4,977,172,271,0,2,172,269,61,87,98,199,297,47,10,36,64,135
James Johnson,8,PF,36,IND,8,0,40,3,9,0,2,3,7,2,2,1,3,4,7,5,1,4,7
James Harden,1188,PG,34,LAC,71,71,2460,351,818,186,486,165,332,300,341,34,335,369,609,77,57,184,127
James Bouknight,50,SG,23,CHO,14,0,81,18,41,13,30,5,11,1,2,1,8,9,6,1,1,2,3
Jamal Murray,1146,PG,26,DEN,55,55,1754,434,913,129,307,305,606,149,174,38,187,225,366,52,34,117,100
Jamal Cain,97,PF,24,MIA,23,1,255,34,79,11,31,23,48,18,23,15,21,36,10,10,5,8,21
Jalen Wilson,192,PF,23,BRK,40,3,580,67,153,22,63,45,90,36,44,40,69,109,42,9,2,19,41
Jalen Williams,1308,PF,22,OKC,67,67,2124,515,953,100,232,415,721,178,219,37,230,267,308,75,43,119,173
Jalen Suggs,880,SG,22,ORL,71,71,1908,315,675,146,366,169,309,104,137,46,172,218,195,102,44,129,191
Jalen Smith,578,C,23,IND,58,14,1003,224,381,58,139,166,242,72,104,105,220,325,61,15,37,41,119
Jalen Pickett,42,SG,24,DEN,25,0,120,15,35,9,25,6,10,3,4,1,13,14,20,4,0,9,13
Jalen McDaniels,152,SF,26,TOR,47,1,485,60,172,11,67,49,105,21,29,16,58,74,35,17,6,28,45
Jalen Johnson,883,SF,22,ATL,55,51,1865,353,695,70,199,283,496,107,147,72,408,480,200,66,47,100,131
Jalen Hood-Schifino,34,SG,20,LAL,21,0,109,10,45,2,15,8,30,12,20,2,11,13,8,3,2,9,13
Jalen Green,1554,SG,21,HOU,78,78,2491,541,1274,190,571,351,703,282,349,40,362,402,281,65,28,182,112
Jalen Duren,806,C,20,DET,59,58,1719,337,543,0,4,337,539,132,168,190,497,687,142,33,47,123,186
Jalen Brunson,2058,PG,27,NYK,73,73,2576,738,1546,194,492,544,1054,388,461,41,223,264,489,68,13,179,139
Jake LaRavia,290,PF,22,MEM,32,3,683,90,252,38,128,52,124,72,89,47,66,113,47,26,10,35,62
Jaime Jaquez Jr.,842,SF,22,MIA,71,20,2008,325,664,60,191,265,473,132,164,80,191,271,179,74,17,106,158
Jahmius Ramsey,47,SG,22,TOR,7,1,121,18,41,6,22,12,19,5,6,4,18,22,8,7,0,7,10
JaeSean Tate,265,SF,28,HOU,65,9,1031,108,229,23,77,85,152,26,39,61,136,197,64,42,15,37,137
Jae Crowder,289,PF,33,MIL,47,25,1078,107,247,53,151,54,96,22,31,27,123,150,64,37,8,20,71
Jaden Springer,142,SG,21,TOT,46,1,449,52,136,8,44,44,92,30,36,33,36,69,40,28,14,31,60
Jaden McDaniels,722,SF,23,MIN,68,67,1987,294,600,80,239,214,361,54,75,56,158,214,94,61,40,84,208
Jaden Ivey,1124,SG,21,DET,73,57,2101,395,921,114,345,281,576,220,289,83,172,255,279,54,40,177,199
Jaden Hardy,493,SG,21,DAL,69,6,917,181,444,78,214,103,230,53,68,18,99,117,101,18,4,51,72
Jacob Toppin,13,SF,23,NYK,9,0,38,5,9,1,4,4,5,2,2,3,4,7,3,0,1,1,3
Jacob Gilyard,173,PG,25,TOT,39,14,669,60,146,51,122,9,24,2,2,8,35,43,133,28,5,29,37
Jabari Walker,608,SF,21,POR,69,20,1622,223,486,38,134,185,352,124,163,141,336,477,70,41,22,64,167
Jabari Smith Jr.,991,PF,20,HOU,72,72,2292,357,786,131,359,226,427,146,178,134,459,593,107,52,55,86,194
Ja Morant,226,PG,24,MEM,9,9,318,80,170,14,51,66,119,52,64,6,44,50,73,7,5,27,19
Ish Wainright,23,SF,29,TOT,10,0,61,7,24,7,20,0,4,2,2,3,11,14,1,4,1,2,8
Ish Smith,139,PG,35,CHO,43,5,741,66,158,4,8,62,150,3,4,11,65,76,145,17,4,47,49
Isaiah Stewart,503,PF,22,DET,46,45,1423,186,382,67,175,119,207,64,85,74,231,305,73,17,38,66,99
Isaiah Livers,114,PF,25,DET,23,6,469,40,116,22,77,18,39,12,18,15,33,48,25,13,5,16,43
Isaiah Joe,616,SG,24,OKC,74,1,1388,214,467,143,340,71,127,45,52,29,140,169,94,43,20,43,80
Isaiah Jackson,379,C,22,IND,58,3,753,153,230,0,4,153,226,73,102,89,142,231,48,34,59,39,137
Isaiah Hartenstein,552,C,25,NYK,72,46,1804,222,345,1,3,221,342,107,148,230,366,596,172,83,78,85,202
Isaac Okoro,622,SF,23,CLE,66,41,1806,228,465,80,206,148,259,86,126,66,132,198,126,55,33,54,138
Immanuel Quickley,1109,PG,24,TOT,66,36,1921,374,859,164,415,210,444,197,233,16,232,248,317,49,9,94,110
Herbert Jones,794,SF,25,NOP,72,72,2184,279,553,106,253,173,300,130,150,70,183,253,186,100,61,87,212
Haywood Highsmith,376,PF,27,MIA,62,26,1256,141,306,71,178,70,128,23,33,58,131,189,65,52,29,30,107
Harry Giles,56,C,25,TOT,22,0,98,23,50,3,14,20,36,7,13,12,16,28,6,2,3,6,15
Harrison Barnes,939,PF,31,SAC,78,78,2250,329,691,144,367,185,324,137,172,61,166,227,89,49,11,56,94
Gui Santos,67,PF,21,GSW,21,0,166,22,44,9,22,13,22,14,15,15,29,44,12,3,2,7,20
Greg Brown III,15,PF,22,DAL,6,0,40,5,11,1,3,4,8,4,9,3,6,9,4,0,4,4,5
Grayson Allen,960,SG,28,PHO,71,71,2388,321,641,196,421,125,220,122,139,45,231,276,219,64,45,92,148
Grant Williams,756,PF,25,TOT,74,41,2071,266,587,123,328,143,259,101,134,84,225,309,165,43,39,105,218
Gradey Dick,464,SG,20,TOR,57,14,1174,172,405,79,217,93,188,41,47,26,99,125,67,32,2,47,83
Gordon Hayward,466,SF,33,TOT,48,27,1178,174,385,35,86,139,299,83,110,36,134,170,154,37,13,60,64
Goga Bitadze,304,C,24,ORL,58,33,934,124,203,2,13,122,190,54,82,108,170,278,78,30,71,42,104
Giannis Antetokounmpo,2207,PF,29,MIL,72,72,2539,830,1358,34,124,796,1234,513,780,193,640,833,469,86,77,246,209
GG Jackson II,591,PF,19,MEM,44,14,1085,201,466,87,242,114,224,102,136,46,131,177,53,21,21,59,56
Georges Niang,739,PF,30,CLE,79,10,1764,274,610,141,379,133,231,50,58,22,248,270,96,28,17,71,186
Gary Trent Jr.,933,SG,25,TOR,68,38,1908,345,801,174,431,171,370,69,89,23,157,180,113,73,10,43,88
Gary Payton II,231,SG,31,GSW,43,0,666,100,177,18,52,82,125,13,21,46,66,112,47,39,17,26,75
Gary Harris,360,SG,29,ORL,51,24,1207,127,282,72,194,55,88,34,45,23,63,86,83,46,13,29,85
Garrison Mathews,298,SG,27,ATL,62,4,896,93,195,78,167,15,28,34,41,15,70,85,33,17,7,18,110
Garrett Temple,71,SG,37,TOR,24,1,221,25,61,10,31,15,30,11,14,11,23,34,17,10,3,10,23
Gabe Vincent,29,PG,27,LAL,8,0,170,13,39,2,20,11,19,1,2,3,4,7,18,7,0,4,16
Furkan Korkmaz,88,SG,26,PHI,35,0,300,30,76,14,40,16,36,14,20,4,26,30,25,14,3,10,17
Fred VanVleet,1191,PG,29,HOU,71,71,2607,398,966,212,562,186,404,183,213,29,234,263,576,98,57,122,176
Franz Wagner,1372,SF,22,ORL,70,70,2269,509,1057,92,325,417,732,262,310,70,300,370,263,72,27,136,163
Frank Ntilikina,5,PG,25,CHO,5,0,43,1,9,1,8,0,1,2,2,1,5,6,4,0,0,1,4
Evan Mobley,747,PF,22,CLE,47,47,1446,305,522,20,53,285,469,117,165,104,341,445,152,42,67,85,128
Evan Fournier,175,SG,31,TOT,28,0,482,61,181,29,112,32,69,24,29,4,45,49,42,27,4,18,41
Eugene Omoruyi,167,SF,26,WAS,40,0,346,65,140,6,36,59,104,31,47,32,49,81,30,26,4,18,58
Eric Gordon,725,SG,35,PHO,65,24,1823,265,594,145,379,120,215,50,63,16,106,122,136,60,28,71,79
Emoni Bates,34,SF,20,CLE,13,0,102,12,37,9,28,3,9,1,4,1,10,11,7,1,2,2,5
E.J. Liddell,4,PF,23,NOP,8,0,23,1,6,0,5,1,1,2,2,0,5,5,1,2,2,2,2
Dyson Daniels,332,PG,20,NOP,57,16,1261,130,291,39,125,91,166,33,52,59,157,216,150,81,22,55,97
Dwight Powell,202,C,32,DAL,61,8,788,69,101,1,2,68,99,63,89,88,108,196,79,25,19,30,107
Duop Reath,573,C,27,POR,64,20,1144,215,462,82,231,133,231,61,83,86,144,230,66,30,34,51,156
Duncan Robinson,875,SF,29,MIA,68,36,1905,304,675,187,473,117,202,80,90,15,158,173,192,46,16,95,163
Dru Smith,39,SG,26,MIA,9,0,131,15,33,7,17,8,16,2,2,6,8,14,14,9,3,5,12
Drew Eubanks,371,C,26,PHO,72,5,1130,148,242,3,3,145,239,72,93,99,211,310,61,26,61,60,112
Draymond Green,460,PF,33,GSW,53,50,1422,180,365,46,122,134,243,54,72,75,305,380,311,54,45,129,159
Doug McDermott,333,SF,32,TOT,61,0,869,116,270,90,219,26,51,11,19,9,49,58,68,14,2,28,62
Dorian Finney-Smith,580,PF,30,BRK,68,56,1934,215,511,117,336,98,175,33,46,109,208,317,107,56,38,59,150
Donte DiVincenzo,1182,SG,27,NYK,77,59,2185,415,941,270,667,145,274,82,110,60,216,276,201,101,35,104,161
Donovan Mitchell,1401,SG,27,CLE,53,53,1871,482,1045,173,474,309,571,264,306,43,229,272,320,94,29,150,114
Dominick Barlow,144,PF,20,SAS,33,1,420,56,113,3,9,53,104,29,42,45,68,113,36,12,14,9,47
Domantas Sabonis,1524,C,27,SAC,78,78,2790,608,1021,31,82,577,939,277,394,278,796,1074,646,69,48,257,237
DMoi Hodge,14,SG,25,LAL,7,0,41,5,15,3,12,2,3,1,2,0,0,0,5,1,1,1,4
Dillon Brooks,883,SF,28,HOU,69,69,2136,316,734,129,356,187,378,122,145,48,184,232,115,62,9,85,225
Dexter Dennis,22,SG,24,DAL,4,0,30,10,19,1,8,9,11,1,3,1,8,9,4,0,1,3,1
Devonte Graham,86,PG,28,SAS,19,0,221,28,76,18,59,10,17,12,14,3,25,28,37,9,1,9,12
Devin Vassell,1323,SG,23,SAS,68,62,2248,498,1056,166,446,332,610,161,201,27,234,261,277,73,23,108,74
Devin Booker,1748,PG,27,PHO,64,64,2291,615,1242,142,390,473,852,376,425,51,245,296,450,57,27,169,195
Desmond Bane,997,SG,25,MEM,42,42,1443,360,776,137,360,223,416,140,161,36,149,185,230,43,22,112,120
Derrick White,1096,SG,29,BOS,71,71,2321,383,824,193,483,190,341,137,152,50,254,304,372,71,86,110,148
Derrick Rose,191,PG,35,MEM,24,7,399,76,165,15,41,61,124,24,27,7,38,45,78,8,2,31,21
Derrick Jones Jr.,633,SF,26,DAL,73,63,1719,229,473,80,229,149,244,95,132,78,166,244,69,51,48,63,115
Dereon Seabron,14,SG,23,NOP,6,0,55,4,13,1,2,3,11,5,6,1,6,7,5,2,1,0,4
Dereck Lively II,483,C,19,DAL,55,42,1294,221,296,0,2,221,294,41,81,135,243,378,60,36,77,50,144
Dennis Smith Jr.,369,PG,26,BRK,56,2,1059,147,338,32,109,115,229,43,58,50,114,164,203,68,12,68,121
Dennis Schroeder,1101,PG,30,TOT,79,57,2450,396,909,136,360,260,549,173,208,37,198,235,479,61,17,152,160
Deni Avdija,1054,SF,23,WAS,72,72,2153,390,765,83,221,307,544,191,258,84,435,519,271,60,34,153,177
DeMar DeRozan,1794,SF,34,CHI,76,76,2866,613,1287,68,212,545,1075,500,585,41,285,326,403,83,44,128,158
Delon Wright,185,PG,31,TOT,44,1,674,65,173,20,58,45,115,35,43,17,62,79,108,48,10,12,29
Dejounte Murray,1680,SG,27,ATL,75,75,2673,642,1399,194,533,448,866,202,253,56,339,395,482,106,24,191,130
DeJon Jarreau,43,SG,26,MEM,9,0,150,17,50,4,13,13,37,5,11,8,36,44,26,6,2,9,14
DeAnthony Melton,413,SG,25,PHI,36,33,1002,136,348,75,207,61,141,66,79,27,110,137,110,56,16,39,82
DeAndre Hunter,847,SF,26,ATL,54,34,1583,289,620,113,288,176,332,156,185,29,178,207,82,38,15,81,137
Deandre Ayton,859,C,25,POR,52,52,1691,397,693,1,6,396,687,64,78,172,411,583,87,51,41,93,106
Dean Wade,291,PF,27,CLE,54,32,1108,96,232,79,202,17,30,20,26,37,181,218,43,40,25,20,93
DeAaron Fox,1853,PG,26,SAC,70,70,2509,678,1465,199,545,479,920,298,405,67,253,320,395,139,30,183,183
DayRon Sharpe,409,C,22,BRK,60,1,910,165,288,4,15,161,273,75,123,157,224,381,84,24,42,68,130
Davion Mitchell,345,PG,25,SAC,68,4,1011,133,287,51,142,82,145,28,39,18,70,88,121,17,3,39,80
David Roddy,425,PF,22,TOT,63,13,1172,165,408,48,164,117,244,47,68,53,157,210,79,27,11,57,71
Darius Garland,996,PG,24,CLE,55,55,1841,364,817,126,342,238,475,142,170,30,114,144,360,74,6,169,93
Darius Bazley,18,PF,23,TOT,5,0,74,6,12,1,3,5,9,5,7,3,8,11,4,3,3,5,1
Dariq Whitehead,3,SF,19,BRK,2,0,24,1,5,0,3,1,2,1,2,0,4,4,3,0,1,0,0
Dario Saric,503,C,29,GSW,62,9,1080,177,381,73,194,104,187,76,89,71,206,277,142,30,9,74,111
DaQuan Jeffries,14,SG,26,NYK,17,0,46,6,17,2,10,4,7,0,2,0,5,5,5,0,1,3,2
Danuel House Jr.,144,SF,30,PHI,34,4,509,47,105,15,50,32,55,35,46,16,42,58,28,15,5,19,45
Dante Exum,423,PG,28,DAL,52,16,1038,159,294,52,104,107,190,53,68,23,117,140,150,22,5,48,82
Danilo Gallinari,269,PF,35,TOT,48,0,611,80,182,30,91,50,91,79,93,19,85,104,55,13,6,20,49
Daniel Theis,344,C,31,TOT,57,3,949,143,270,24,62,119,208,34,46,79,144,223,59,19,47,37,123
DAngelo Russell,1332,PG,27,LAL,73,66,2375,481,1047,219,523,262,524,151,184,28,202,230,461,67,34,154,149
Damian Lillard,1718,PG,33,MIL,70,70,2478,524,1233,215,605,309,628,455,494,34,273,307,492,70,17,184,132
Damian Jones,102,C,28,CLE,37,0,256,41,68,2,12,39,56,18,21,20,42,62,15,7,13,13,26
Dalen Terry,141,SG,21,CHI,55,1,593,53,130,14,66,39,64,21,34,24,73,97,71,24,13,27,68
Dalano Banton,500,PG,24,TOT,51,8,938,183,437,55,166,128,271,79,103,41,121,162,114,29,17,67,60
Daishen Nix,22,PG,21,MIN,13,0,46,8,22,5,15,3,7,1,4,0,2,2,5,5,0,3,1
D.J. Carton,11,SG,23,TOR,4,0,36,3,8,1,4,2,4,4,5,2,2,4,3,1,0,1,3
Craig Porter Jr.,283,PG,23,CLE,49,5,638,115,226,12,34,103,192,41,56,21,85,106,116,20,14,45,39
Cory Joseph,63,PG,32,GSW,26,0,296,23,64,13,42,10,22,4,7,6,24,30,42,4,3,12,25
Corey Kispert,1014,SF,24,WAS,77,19,1958,366,753,173,454,193,299,109,151,27,185,212,137,40,15,93,137
Collin Sexton,1458,SG,25,UTA,78,51,2075,506,1038,128,325,378,713,318,370,71,134,205,383,62,18,165,154
Collin Gillespie,87,PG,24,DEN,24,0,225,32,69,15,38,17,31,8,12,1,20,21,27,13,0,14,24
Cole Swider,42,SF,24,MIA,15,0,83,15,36,10,28,5,8,2,2,1,6,7,4,1,1,8,2
Cole Anthony,892,PG,23,ORL,77,0,1744,314,729,89,267,225,462,175,213,62,240,302,226,61,36,119,169
Colby Jones,54,SG,21,SAC,27,0,176,25,66,2,21,23,45,2,7,16,22,38,18,7,4,7,25
Cody Zeller,74,C,31,NOP,40,0,304,25,60,1,3,24,57,23,38,47,62,109,36,9,5,15,42
Cody Martin,211,SF,28,CHO,28,22,753,82,215,27,86,55,129,20,33,19,90,109,104,32,18,44,48
Coby White,1421,PG,23,CHI,75,74,2732,504,1138,203,535,301,603,210,249,42,304,346,386,49,17,158,178
Clint Capela,802,C,29,ATL,70,70,1800,337,592,0,1,337,591,128,202,327,421,748,86,41,105,72,161
CJ McCollum,1209,PG,32,NOP,62,62,2013,444,978,213,513,231,465,108,131,35,233,268,283,58,39,103,120
Chuma Okeke,105,SF,25,ORL,44,8,422,39,110,23,81,16,29,4,7,18,60,78,19,9,7,15,19
Christian Wood,347,PF,28,LAL,50,1,872,123,264,35,114,88,150,66,94,39,215,254,49,16,33,50,72
Christian Braun,551,SG,22,DEN,78,3,1552,204,449,56,149,148,300,87,125,72,214,286,118,37,32,52,131
Chris Paul,499,PG,38,GSW,54,16,1423,191,429,74,194,117,235,43,52,18,190,208,368,67,5,70,98
Chris Livingston,19,SF,20,MIL,18,0,73,8,18,1,4,7,14,2,2,2,13,15,5,2,0,4,11
Chris Duarte,230,SF,26,SAC,57,11,707,80,205,44,123,36,82,26,33,26,79,105,43,28,8,25,78
Chris Boucher,322,PF,31,TOR,50,0,705,110,217,31,94,79,123,71,92,62,145,207,23,14,24,28,68
Chimezie Metu,283,C,26,TOT,47,8,724,105,204,19,75,86,129,54,60,36,127,163,39,39,16,42,67
Chet Holmgren,1298,C,21,OKC,78,78,2327,482,915,125,337,357,578,209,263,120,495,615,193,49,184,127,190
Charles Bassey,63,C,23,SAS,19,0,205,29,40,0,1,29,39,5,6,23,53,76,21,8,17,15,31
Cedi Osman,489,SF,28,SAS,72,3,1269,184,384,86,221,98,163,35,52,25,155,180,119,36,11,47,107
Cason Wallace,540,SG,20,OKC,78,12,1614,209,421,93,222,116,199,29,37,51,127,178,112,70,34,45,126
Caris LeVert,918,SG,29,CLE,66,10,1904,333,795,105,326,228,469,147,193,37,235,272,339,73,34,115,117
Cameron Payne,560,PG,29,TOT,75,9,1247,201,467,100,257,101,210,58,67,19,91,110,195,38,11,65,123
Cameron Johnson,763,PF,27,BRK,57,47,1572,272,611,137,349,135,262,82,105,55,193,248,137,48,15,55,101
Cam Whitmore,527,SF,19,HOU,43,1,786,193,421,70,194,123,227,71,105,41,124,165,20,28,14,42,54
Cam Thomas,1400,SG,22,BRK,63,48,1975,499,1130,132,370,367,760,270,317,27,179,206,184,45,15,117,131
Cam Reddish,260,SF,24,LAL,47,26,974,91,232,37,110,54,122,41,54,27,72,99,47,47,14,31,63
Caleb Martin,611,SF,28,MIA,60,19,1637,230,521,76,213,154,308,75,97,69,197,266,129,42,25,74,121
Caleb Houstan,248,SF,21,ORL,56,12,791,79,200,71,187,8,13,19,24,28,54,82,28,13,3,16,61
Cade Cunningham,1405,PG,22,DET,62,62,2074,524,1167,119,335,405,832,238,274,33,235,268,464,56,22,212,153
Buddy Hield,970,SF,31,TOT,81,42,2099,357,818,208,545,149,273,48,54,56,197,253,231,69,42,100,164
Buddy Boeheim,28,SF,24,DET,7,0,66,8,25,7,21,1,4,5,5,1,7,8,3,0,1,0,4
Bryce McGowens,269,SG,21,CHO,55,13,820,92,207,31,93,61,114,54,71,16,80,96,46,20,8,27,74
Bruno Fernando,239,C,25,ATL,41,1,593,95,165,0,4,95,161,49,75,58,118,176,43,25,28,39,93
Bruce Brown,690,SG,27,TOT,64,44,1796,263,559,51,160,212,399,113,135,53,224,277,183,59,17,81,143
Brook Lopez,936,C,35,MIL,75,75,2301,346,713,138,380,208,333,106,129,110,284,394,122,42,181,77,185
Brice Sensabaugh,191,SF,20,UTA,28,11,490,69,174,27,93,42,81,26,30,12,73,85,49,11,4,42,36
Braxton Key,20,SF,26,DEN,19,0,59,7,17,2,5,5,12,4,6,3,13,16,9,2,1,1,5
Brandon Williams,24,PG,24,DAL,13,0,60,8,23,2,7,6,16,6,11,3,4,7,12,1,1,3,2
Brandon Miller,1222,SF,21,CHO,71,65,2301,458,1043,174,470,284,573,132,162,59,245,304,169,63,42,127,179
Brandon Ingram,1319,SF,26,NOP,63,63,2079,494,1008,85,239,409,769,246,307,43,276,319,363,50,40,161,145
Brandon Clarke,54,PF,27,MEM,5,0,107,26,47,1,5,25,42,1,7,13,18,31,9,4,5,3,7
Brandon Boston Jr.,119,SF,22,LAC,28,0,249,46,109,10,35,36,74,17,25,11,23,34,7,4,7,11,32
Brandin Podziemski,648,SG,20,GSW,70,28,1870,257,571,85,224,172,347,49,78,113,292,405,264,59,13,86,121
Bradley Beal,863,SG,30,PHO,49,49,1622,339,671,89,217,250,454,96,121,47,158,205,249,47,20,122,118
Bones Hyland,192,PG,23,LAC,34,4,450,72,196,34,108,38,88,14,18,4,33,37,76,20,3,39,43
Bol Bol,217,PF,24,PHO,40,0,453,90,146,22,50,68,96,15,19,31,102,133,17,9,25,17,41
Bojan Bogdanovic,829,PF,34,TOT,53,27,1408,295,647,125,316,170,331,114,145,21,125,146,94,28,5,98,95
Bogdan Bogdanovic,1268,SG,31,ATL,75,29,2279,450,1047,229,608,221,439,139,152,52,212,264,234,92,25,104,172
Bobby Portis,1064,PF,28,MIL,78,1,1903,437,871,94,238,343,633,96,122,134,436,570,95,60,31,80,179
Blake Wesley,229,SG,20,SAS,57,1,779,88,186,8,47,80,139,45,70,17,65,82,153,26,9,46,82
Bilal Coulibaly,532,SF,19,WAS,63,15,1715,188,432,64,185,124,247,92,131,56,200,256,110,57,48,87,137
Bennedict Mathurin,856,SF,21,IND,59,19,1538,296,663,80,214,216,449,184,224,60,174,234,119,35,14,97,117
Ben Sheppard,231,SG,22,IND,54,1,747,82,208,44,141,38,67,23,26,12,68,80,48,30,2,13,84
Bam Adebayo,1313,C,26,MIA,67,67,2294,507,976,12,35,495,941,287,380,153,562,715,266,75,64,153,153
Ayo Dosunmu,924,SG,24,CHI,76,37,2212,360,719,119,295,241,424,85,105,54,162,216,242,68,36,103,166
Austin Reaves,1245,SG,25,LAL,79,54,2540,436,905,144,401,292,504,229,266,54,290,344,441,65,22,170,143
Ausar Thompson,556,SF,21,DET,63,38,1583,232,480,21,113,211,367,71,119,129,273,402,120,68,59,84,175
Ashton Hagans,75,PG,24,POR,18,1,302,27,67,7,22,20,45,14,17,13,30,43,50,10,9,29,39
Armoni Brooks,42,PG,25,BRK,10,0,104,15,46,11,32,4,14,1,2,7,11,18,5,1,1,3,3
Anthony Gill,158,PF,31,WAS,47,1,397,63,133,8,32,55,101,24,31,33,47,80,27,12,8,23,42
Anthony Edwards,1946,SG,22,MIN,75,74,2636,685,1492,182,506,503,986,394,474,50,362,412,386,98,41,230,133
Anthony Davis,1810,C,30,LAL,74,74,2625,689,1244,28,100,661,1144,404,495,231,705,936,258,88,176,152,171
Anthony Black,306,PG,20,ORL,66,33,1135,111,242,35,91,76,151,49,80,33,105,138,90,35,21,54,108
Anfernee Simons,1039,SG,24,POR,46,46,1582,360,837,156,405,204,432,163,178,22,145,167,255,23,5,126,98
Andrew Wiggins,870,SF,28,GSW,67,55,1808,330,731,83,232,247,499,127,171,105,199,304,115,39,36,81,137
Andrew Nembhard,598,PG,24,IND,65,44,1612,250,502,57,161,193,341,41,51,35,100,135,262,62,5,97,135
Andre Jackson Jr.,120,SG,22,MIL,53,8,542,48,95,16,43,32,52,8,11,42,65,107,49,14,6,24,88
Andre Drummond,659,C,30,CHI,78,10,1347,265,478,0,3,265,475,129,218,264,442,706,37,72,48,81,140
Amir Coffey,405,SF,26,LAC,66,11,1322,145,296,62,154,83,142,53,61,26,104,130,70,37,11,32,92
Amen Thompson,529,SF,21,HOU,58,19,1240,213,406,8,56,205,350,95,140,128,237,365,139,71,34,80,133
Amari Bailey,7,PG,19,CHO,8,0,31,3,12,0,5,3,7,1,2,2,0,2,2,1,0,1,0
Alperen Sengun,1331,C,21,HOU,63,63,2046,527,982,33,111,494,871,244,352,183,406,589,312,76,46,162,211
Alondes Williams,3,SG,24,MIA,4,0,11,1,4,0,2,1,2,1,1,0,1,1,0,0,0,1,0
Alex Len,114,C,30,SAC,44,0,404,48,78,0,3,48,75,18,30,43,78,121,43,11,31,24,56
Alex Fudge,4,SF,20,LAL,4,0,14,1,6,0,2,1,4,2,2,2,0,2,0,0,0,1,1
Alex Caruso,683,SG,29,CHI,68,54,1929,242,520,129,320,113,200,70,92,59,200,259,223,111,68,96,173
Aleksej Pokusevski,116,PF,22,TOT,24,0,329,39,96,13,45,26,51,25,33,16,53,69,29,13,10,15,16
Alec Burks,684,SG,32,TOT,65,1,1200,209,565,123,328,86,237,143,165,24,125,149,84,27,12,47,75
Al Horford,556,C,37,BOS,64,33,1724,212,416,106,255,106,161,26,30,82,329,411,167,37,60,47,91
AJ Griffin,37,SF,20,ATL,18,0,132,13,45,9,33,4,12,2,2,2,12,14,4,1,1,6,6
Admiral Schofield,23,PF,26,ORL,22,0,80,9,24,5,15,4,9,0,2,2,13,15,6,1,0,4,8
Aaron Wiggins,495,SG,25,OKC,74,4,1150,194,347,57,119,137,228,50,63,57,114,171,78,51,18,54,87
Aaron Nesmith,846,SF,24,IND,69,44,1916,304,616,139,327,165,289,99,129,61,201,262,105,62,49,62,232
Aaron Holiday,481,PG,27,HOU,75,1,1215,173,391,81,206,92,185,54,59,21,96,117,135,41,6,50,118
Aaron Gordon,980,PF,28,DEN,70,70,2214,386,697,39,134,347,563,169,259,168,289,457,241,54,44,102,139
A.J. Lawson,120,SG,23,DAL,38,0,260,47,100,13,43,34,57,13,21,12,25,37,15,10,3,10,20
A.J. Green,244,SG,24,MIL,54,0,580,81,190,67,164,14,26,15,17,9,54,63,30,8,4,11,48
